mbpp_id,run_01_pass,run_02_pass,run_03_pass,run_04_pass,run_05_pass,run_06_pass,run_07_pass,run_08_pass,run_09_pass,run_10_pass,run_11_pass,run_12_pass
11,False,False,True,False,False,False,False,False,False,False,False,True
12,False,False,True,True,True,True,False,False,True,True,True,False
13,False,False,False,False,False,False,False,False,False,False,False,False
14,False,False,False,True,True,False,True,True,False,True,True,False
15,False,False,False,False,False,False,False,False,False,False,False,False
16,True,False,True,False,True,False,False,False,False,True,False,True
17,True,True,True,True,True,True,True,True,True,True,True,True
18,True,True,True,True,True,True,True,True,True,True,True,True
19,True,True,True,True,True,True,True,False,False,True,True,False
20,False,False,False,True,False,False,False,False,True,False,True,False
21,False,False,True,True,True,True,False,False,True,True,True,False
22,True,True,True,False,True,False,True,True,True,True,True,True
23,True,False,True,False,True,True,True,True,False,True,False,True
24,False,False,False,False,False,False,False,False,False,False,False,False
25,False,True,True,True,True,False,True,False,False,False,False,True
26,False,False,False,False,False,False,False,False,False,False,False,False
27,True,False,False,False,False,False,False,False,False,False,True,True
28,True,True,True,True,True,True,True,True,False,True,True,True
29,True,False,False,True,False,False,False,False,False,True,True,False
30,False,True,False,False,False,False,True,False,False,False,False,False
31,False,False,False,False,False,False,False,False,False,False,False,False
32,True,False,True,False,False,True,True,False,False,False,True,False
33,False,False,False,False,False,False,False,False,False,False,False,False
34,True,True,False,False,True,True,False,True,False,False,False,False
35,True,True,True,True,True,True,True,True,True,False,True,False
36,False,False,False,False,False,False,False,False,False,False,False,False
37,False,False,False,False,False,False,False,False,False,False,False,False
38,False,False,False,False,False,False,False,False,False,False,False,False
39,False,False,False,False,False,False,False,False,False,False,False,False
40,True,True,True,True,True,True,True,True,True,True,True,True
41,True,True,True,True,True,True,True,True,True,True,True,True
42,True,False,False,False,False,False,False,False,False,False,False,False
43,False,False,True,False,False,False,True,True,False,False,False,False
44,True,False,True,True,False,True,True,True,True,True,True,True
45,True,True,True,True,True,False,False,True,False,True,True,True
46,True,True,True,False,False,False,True,False,True,True,True,False
47,False,False,True,False,False,False,False,False,False,False,False,False
48,False,False,False,False,False,False,False,False,False,False,False,False
49,True,False,False,True,True,True,True,True,True,True,True,True
50,False,False,False,False,False,False,False,False,False,False,False,False
51,True,True,True,True,True,True,True,True,True,True,True,True
52,True,True,True,True,True,True,True,True,True,True,True,True
53,False,False,True,False,True,True,False,False,True,False,True,True
54,True,True,True,True,True,True,True,True,True,True,True,True
55,True,True,True,True,False,False,False,False,False,False,True,True
56,True,True,True,False,True,False,False,True,False,False,False,True
57,True,True,False,True,False,False,False,True,False,True,True,True
58,False,True,True,True,True,True,False,True,False,False,True,False
59,False,False,False,True,False,True,False,True,False,False,False,False
60,False,False,False,False,False,False,False,False,False,False,False,False
61,False,False,False,False,False,False,False,False,True,False,False,False
62,True,True,True,True,True,True,True,True,True,True,True,True
63,False,False,False,False,False,False,False,False,False,False,False,False
64,True,True,False,True,True,True,True,True,True,False,True,True
65,False,True,False,False,True,True,True,False,True,True,False,True
66,True,True,True,True,True,True,True,True,True,True,True,True
67,False,False,False,False,False,False,False,False,False,False,False,False
68,False,True,True,True,True,True,True,True,True,True,True,True
69,False,True,True,False,False,False,False,False,True,False,True,False
70,False,True,True,True,True,True,True,True,True,True,True,True
71,False,True,True,False,False,True,False,True,True,True,True,True
72,True,False,False,False,False,False,True,False,False,False,True,False
73,False,False,False,False,False,False,False,False,False,False,False,False
74,False,False,False,False,False,False,False,False,False,False,False,False
75,True,False,False,False,False,False,False,True,False,True,False,False
76,False,False,False,False,False,False,False,False,False,True,False,False
77,False,False,False,False,False,False,False,False,False,False,False,False
78,True,False,False,False,False,True,False,False,False,False,False,False
79,True,True,True,True,True,True,True,True,True,True,True,True
80,True,True,True,True,True,True,True,True,True,True,True,True
81,False,False,False,False,False,False,False,False,False,False,False,False
82,True,True,True,False,True,True,True,True,True,True,True,True
83,False,False,False,False,False,False,False,False,False,False,False,False
84,False,False,False,False,False,False,False,False,False,False,True,False
85,True,True,True,True,True,True,True,True,True,True,True,True
86,False,False,False,False,False,False,False,False,False,False,True,False
87,False,False,False,False,False,False,False,False,False,False,False,False
88,True,True,True,True,True,True,True,True,True,True,True,True
89,False,False,True,False,False,False,False,True,True,True,False,False
90,True,True,True,True,True,True,True,True,True,True,True,True
91,False,False,False,True,True,True,True,True,True,False,False,False
92,True,True,True,True,False,False,False,False,True,False,False,True
93,True,True,True,True,True,True,True,True,True,True,True,True
94,False,True,False,False,True,True,True,True,False,False,True,False
95,False,True,True,True,False,False,False,False,True,False,True,False
96,True,True,True,True,True,True,True,True,True,True,True,True
97,True,True,True,False,False,True,True,True,True,True,False,True
98,False,True,False,True,True,False,True,True,True,True,True,False
99,True,True,True,True,True,True,True,True,True,True,True,True
100,True,False,True,False,True,True,True,True,True,True,False,True
101,False,False,True,False,True,False,True,False,False,False,False,False
102,True,True,True,False,True,True,True,True,True,True,True,False
103,False,False,False,False,False,False,False,False,False,False,False,False
104,True,True,True,True,False,True,True,True,True,True,True,True
105,True,True,True,True,True,True,True,True,True,True,True,True
106,True,False,False,False,False,True,False,False,False,False,True,True
107,False,False,False,False,False,False,False,False,False,False,False,False
108,False,False,False,False,False,False,False,False,False,False,False,False
109,False,False,False,False,False,False,True,False,False,True,False,False
110,False,False,False,False,False,False,False,False,False,False,False,False
111,True,False,False,False,False,False,False,True,False,True,False,True
112,False,False,False,False,False,False,False,False,False,False,False,False
113,True,True,True,True,True,True,True,True,True,True,True,True
114,False,False,False,False,False,False,False,False,False,False,False,False
115,False,False,False,False,False,False,True,False,False,False,False,False
116,True,True,True,True,True,True,True,True,True,True,True,True
117,False,False,False,False,False,False,False,False,False,False,False,False
118,True,True,True,True,True,True,True,True,True,True,True,True
119,False,False,False,False,False,False,False,False,False,False,False,False
120,True,True,True,False,True,True,False,True,True,True,False,False
121,False,False,False,False,False,False,False,False,False,False,False,False
122,False,False,False,False,False,False,False,False,False,False,False,False
123,False,False,False,False,False,False,False,False,False,False,False,False
124,False,False,False,False,False,False,False,False,False,False,False,False
125,False,False,False,False,False,False,False,False,False,False,False,False
126,False,False,False,False,False,False,False,False,False,False,False,False
127,True,True,True,True,True,True,True,True,True,True,True,True
128,False,False,False,False,False,False,False,False,False,False,False,False
129,False,False,False,False,True,False,False,False,False,False,False,False
130,True,True,True,True,True,True,True,True,True,True,True,True
131,True,True,True,True,True,True,True,True,True,True,False,False
132,True,True,True,True,True,True,True,True,True,True,True,True
133,False,True,False,False,True,True,True,False,True,True,True,False
134,False,True,False,False,True,False,False,False,False,False,False,False
135,False,True,True,False,True,True,False,True,True,False,True,True
136,False,False,False,False,False,False,False,False,False,False,False,False
137,False,False,False,False,False,False,False,False,False,False,False,False
138,False,False,False,False,False,False,False,False,False,False,False,False
139,False,False,False,False,False,False,False,False,False,False,False,False
140,True,False,True,False,False,False,True,False,False,False,False,True
141,False,False,False,False,True,True,True,False,False,False,True,False
142,False,False,False,False,False,False,True,False,False,True,False,False
143,False,False,False,False,False,False,False,False,False,False,False,False
144,False,True,True,True,True,True,False,True,False,False,False,False
145,True,False,False,False,False,False,False,False,False,True,False,False
146,False,False,False,False,False,False,False,False,False,False,False,False
147,False,False,False,False,False,False,True,False,False,False,False,False
148,False,False,False,False,False,False,False,False,False,False,False,False
149,False,False,False,False,False,False,False,False,False,False,False,False
150,False,False,False,False,False,False,False,False,False,False,False,False
151,True,True,True,True,True,True,True,True,True,True,True,True
152,True,True,True,True,True,True,True,True,True,True,True,True
153,True,True,True,False,True,True,True,True,True,True,False,False
154,True,True,True,True,True,True,True,True,True,True,True,False
155,False,False,False,False,False,False,False,False,False,False,False,False
156,False,False,False,False,False,False,False,False,False,False,False,False
157,True,True,False,True,True,True,True,True,True,False,True,False
158,False,False,False,False,False,False,False,False,False,False,False,False
159,False,False,False,False,False,False,False,False,False,False,False,False
160,False,False,False,False,False,False,False,False,False,False,False,False
161,True,True,True,True,True,True,True,True,True,True,True,True
162,True,True,True,True,False,True,False,True,True,True,True,True
163,True,False,False,False,True,False,False,True,False,False,False,False
164,False,False,False,True,True,True,False,False,True,False,False,False
165,False,False,False,False,False,False,False,False,False,False,False,True
166,False,False,False,False,False,False,True,False,False,True,True,False
167,True,False,False,False,False,False,False,False,False,False,False,False
168,True,True,True,True,True,True,True,True,True,True,True,True
169,True,True,True,True,True,False,False,False,True,False,True,True
170,True,True,True,True,True,True,False,True,True,True,True,True
171,True,True,True,True,False,False,False,True,True,True,True,True
172,False,False,True,False,False,False,False,False,False,False,False,False
173,True,True,True,True,False,True,False,True,True,True,True,True
174,True,True,True,True,True,True,True,True,True,True,True,False
175,True,True,True,True,True,True,True,True,True,True,True,True
176,True,True,True,True,True,True,True,True,False,True,True,True
177,False,False,False,False,False,False,False,False,False,False,False,False
178,True,False,False,True,True,True,True,True,False,True,True,True
179,False,False,False,False,False,False,False,False,False,False,False,False
180,False,False,False,False,False,False,False,False,False,False,False,False
181,True,False,False,False,False,False,True,False,True,False,True,True
182,False,False,False,False,False,False,False,False,False,False,True,False
183,False,True,False,False,False,False,False,False,False,False,False,False
184,False,True,False,False,False,False,False,False,False,False,False,False
185,False,False,False,False,False,False,False,False,False,False,False,False
186,True,True,False,True,True,False,True,True,True,True,True,False
187,True,False,False,True,True,True,False,True,True,True,True,True
188,False,False,False,False,False,False,False,False,False,False,False,False
189,True,False,False,False,False,False,False,False,False,True,False,False
190,False,False,False,False,False,False,False,False,False,False,False,False
191,True,True,True,True,True,True,True,False,True,False,True,True
192,False,True,True,False,True,False,True,True,True,False,False,False
193,True,False,False,False,True,True,True,True,False,False,False,True
194,True,True,True,True,True,True,True,True,True,False,False,False
195,False,True,True,True,True,True,True,True,False,False,False,False
196,False,False,False,True,True,True,True,False,True,True,True,False
197,True,False,True,True,True,False,True,True,True,True,True,False
198,False,False,False,False,False,False,False,False,False,False,False,False
199,False,True,False,False,False,True,True,True,True,False,True,False
200,True,True,True,True,True,True,False,True,True,False,False,True
201,True,True,True,True,True,True,True,True,True,True,True,True
202,False,False,False,False,False,False,False,False,False,False,False,False
203,False,False,True,True,True,True,False,False,True,True,False,True
204,True,True,True,True,True,True,False,True,True,True,False,True
205,False,False,False,False,False,False,False,False,False,False,False,False
206,False,False,False,False,False,False,False,False,False,False,False,False
207,False,False,False,False,False,False,False,False,False,False,False,False
208,True,True,True,True,True,True,True,False,True,False,True,True
209,False,False,False,False,False,False,False,False,False,False,False,False
210,True,True,True,True,True,True,True,True,True,True,True,True
211,False,False,False,False,False,False,False,False,False,False,False,False
212,True,True,True,True,True,True,True,True,True,True,True,True
213,True,False,False,True,False,False,False,False,False,False,False,False
214,False,True,True,False,False,False,False,True,False,True,False,False
215,False,False,False,False,False,False,False,False,False,True,False,False
216,False,True,False,False,True,False,False,False,False,False,False,False
217,True,True,True,False,True,True,False,False,True,False,True,True
218,False,False,False,False,False,False,False,False,False,False,False,False
219,False,False,False,False,False,False,False,False,False,False,False,False
220,False,False,False,False,False,False,False,False,False,False,False,False
221,True,True,True,True,True,True,True,True,True,True,True,True
222,True,True,True,True,True,True,True,True,True,False,True,True
223,True,False,True,False,True,False,True,False,False,True,True,True
224,True,True,True,True,True,True,True,True,True,True,True,True
225,False,False,True,False,True,False,True,False,True,False,True,True
226,False,True,True,True,True,True,True,True,True,True,True,True
227,True,True,True,True,True,True,True,True,True,True,True,True
228,False,False,False,False,False,False,False,False,False,False,False,False
229,False,False,False,False,False,True,False,False,False,False,False,False
230,True,True,True,True,True,True,True,True,True,True,True,True
231,False,True,False,False,False,False,False,True,True,False,False,False
232,True,True,True,True,True,False,True,True,True,True,True,False
233,True,True,False,True,False,False,False,True,False,False,True,True
234,True,True,True,True,True,True,True,True,True,True,True,True
235,False,False,False,False,False,False,False,False,False,False,False,False
236,False,False,False,False,False,False,False,False,False,False,False,False
237,True,False,False,False,True,False,False,False,False,False,False,False
238,True,False,False,True,False,False,True,True,False,True,True,False
239,False,False,False,False,False,False,False,False,False,False,False,False
240,False,True,False,True,True,False,False,False,False,False,False,False
241,False,False,False,False,False,False,False,False,False,False,False,False
242,True,True,True,True,True,True,True,True,True,True,True,True
243,False,False,False,False,False,False,False,False,False,False,False,False
244,False,True,False,False,False,True,False,True,False,False,False,True
245,False,False,False,False,False,False,False,False,False,False,False,False
246,False,False,False,True,True,False,False,True,False,True,False,False
247,True,True,False,True,False,True,True,False,True,False,True,False
248,True,True,False,True,True,True,True,True,False,False,False,False
249,True,False,False,True,True,True,False,False,False,True,True,False
250,True,True,True,True,True,True,True,True,True,True,True,True
251,True,False,False,False,False,False,False,False,False,False,False,False
252,False,False,True,False,False,False,True,False,False,True,False,True
253,True,True,True,True,True,True,True,True,True,True,True,True
254,False,False,False,False,False,False,False,False,False,False,False,False
255,False,False,False,False,False,False,True,False,False,False,False,False
256,True,False,True,False,True,True,True,False,True,False,True,False
257,True,True,True,True,True,True,True,True,True,True,True,True
258,True,True,True,True,True,True,True,True,True,True,True,True
259,False,False,False,False,False,False,False,False,False,False,False,False
260,False,False,False,False,False,False,False,False,False,False,False,False
261,True,False,False,True,False,True,True,True,True,False,True,True
262,True,True,True,True,True,True,True,True,True,True,False,True
263,True,True,True,True,True,True,True,True,True,True,True,True
264,True,False,False,False,False,False,True,True,True,False,False,False
265,True,True,True,False,True,True,False,True,True,True,False,True
266,True,True,True,True,True,True,True,True,True,True,True,True
267,True,False,False,False,False,False,False,False,True,True,False,True
268,False,False,False,False,False,False,False,False,False,False,False,False
269,True,True,True,True,True,True,True,True,True,True,True,True
270,True,False,False,True,True,True,True,True,True,True,True,True
271,True,True,True,True,True,True,True,True,True,False,True,True
272,True,True,True,True,True,True,False,True,True,True,True,True
273,True,True,True,True,True,True,True,True,True,True,True,True
274,False,False,False,False,True,False,False,False,False,False,True,False
275,False,False,False,False,False,False,False,False,False,False,False,False
276,False,False,False,False,False,False,False,False,False,False,False,False
277,True,True,False,False,True,True,False,True,False,False,True,False
278,False,False,True,False,False,False,True,True,False,True,False,False
279,False,False,False,True,False,False,True,True,False,True,False,False
280,True,True,True,True,True,True,True,True,True,True,True,True
281,True,True,False,False,True,False,True,True,False,True,True,False
282,True,True,False,True,True,True,True,True,True,True,True,True
283,True,False,False,True,False,False,True,True,False,False,True,False
284,True,True,True,True,True,True,True,True,True,True,True,True
285,True,True,False,True,True,False,False,True,False,False,True,True
286,False,False,False,False,False,False,False,False,False,False,False,False
287,False,False,False,False,False,True,True,True,False,True,False,True
288,False,False,False,False,False,False,False,False,False,False,False,False
289,False,False,False,False,False,False,False,False,False,False,False,False
290,False,True,True,False,False,False,False,False,False,False,False,False
291,False,False,False,False,False,False,False,False,False,False,False,False
292,True,True,True,True,True,True,True,True,False,True,True,True
293,False,False,True,True,False,False,False,False,True,False,False,True
294,False,False,False,False,False,False,False,False,True,False,False,False
295,True,False,False,False,False,True,False,False,False,False,False,False
296,True,True,True,True,True,True,True,True,True,True,True,True
297,True,True,True,True,True,True,True,False,True,True,True,True
298,False,False,False,False,False,False,False,False,False,False,False,False
299,False,False,False,False,False,False,False,False,False,False,False,False
300,False,False,False,False,False,False,False,False,False,False,True,False
301,False,False,False,False,False,False,False,False,True,False,False,True
302,False,False,False,True,False,False,False,False,False,False,False,False
303,False,False,False,False,False,False,False,False,False,False,False,False
304,False,False,False,False,False,False,False,False,False,False,False,False
305,False,False,False,False,False,False,False,False,False,False,False,False
306,False,False,False,False,False,False,False,False,False,False,False,False
307,False,False,False,False,False,False,False,False,False,False,False,False
308,False,False,False,False,False,False,True,False,False,True,False,True
309,True,True,True,True,True,True,True,True,True,True,True,True
310,False,False,False,False,False,False,False,False,False,False,False,False
311,False,False,False,False,False,False,False,False,False,False,False,False
312,False,False,False,False,False,False,False,False,False,False,False,False
313,False,False,False,False,False,False,False,False,False,False,False,False
314,False,False,False,False,False,False,False,False,False,False,False,False
315,False,False,False,False,False,False,False,False,False,False,False,False
316,False,False,False,False,False,True,True,False,True,False,False,False
317,True,True,False,False,False,False,False,False,False,True,False,False
318,False,False,False,False,False,False,False,False,False,False,False,False
319,True,True,True,True,False,True,True,True,False,True,True,False
320,True,False,True,False,False,True,True,True,True,True,True,True
321,False,False,False,False,False,False,False,False,False,False,False,False
322,False,False,True,True,True,True,True,False,False,True,True,True
323,False,False,False,False,False,False,False,False,False,False,False,False
324,False,False,False,False,False,False,False,False,False,False,False,False
325,False,True,False,False,False,False,False,False,False,False,False,False
326,False,False,False,False,False,False,False,False,False,False,True,False
327,False,True,False,False,True,True,True,True,True,True,True,True
328,False,False,False,False,False,False,False,False,False,False,False,False
329,True,True,True,True,True,True,True,True,True,True,True,True
330,True,False,True,True,True,True,True,False,True,True,False,True
331,True,False,True,True,False,True,True,True,True,False,False,False
332,True,True,True,True,True,True,True,True,True,True,True,True
333,False,False,False,False,False,False,False,False,False,False,False,False
334,True,False,True,True,True,True,True,True,False,True,True,True
335,False,False,False,False,True,False,False,False,False,False,False,True
336,True,False,False,False,False,True,True,True,False,False,False,True
337,False,True,False,False,False,False,False,True,True,False,False,True
338,False,True,False,False,False,False,False,False,True,False,False,False
339,False,False,False,False,False,False,False,False,False,False,False,False
340,False,False,False,False,False,False,False,False,False,False,False,False
341,True,True,True,False,False,False,True,True,True,True,True,True
342,False,False,False,False,False,False,False,False,False,False,False,False
343,True,False,False,False,False,False,False,False,True,False,False,False
344,False,False,False,False,False,True,False,False,False,False,False,False
345,True,True,True,True,True,True,True,True,True,False,True,True
346,False,False,False,False,False,False,False,False,False,False,False,False
347,False,False,False,False,True,False,False,False,False,False,False,False
348,False,False,False,False,False,False,False,False,False,False,False,False
349,False,True,True,False,False,False,True,False,True,False,False,False
350,False,False,True,True,False,False,False,False,False,False,False,False
351,True,False,True,False,False,True,False,True,True,True,True,True
352,False,False,False,False,False,False,False,False,False,True,False,True
353,True,True,True,True,True,True,True,True,True,False,True,True
354,False,False,False,False,True,False,False,False,False,False,False,False
355,False,False,False,False,False,False,False,False,False,False,False,False
356,True,True,True,True,True,True,True,True,True,True,True,True
357,False,True,True,True,True,False,True,False,True,True,True,False
358,True,True,True,True,True,True,True,True,True,False,True,True
359,False,False,True,False,True,False,False,False,False,False,True,False
360,False,False,False,False,False,False,False,False,False,False,False,False
361,False,True,True,True,True,True,True,True,True,True,True,True
362,False,True,True,True,True,True,True,True,True,True,True,True
363,True,False,True,True,True,True,True,False,True,True,True,False
364,False,False,False,False,False,False,False,False,False,False,False,False
365,True,True,True,True,True,True,True,True,True,True,True,True
366,True,True,True,True,True,False,True,True,False,False,False,False
367,False,False,False,False,False,False,False,False,False,False,False,False
368,False,True,False,False,False,True,False,True,True,True,True,False
369,False,False,False,False,True,True,False,False,True,True,False,True
370,False,False,False,False,False,False,False,False,False,False,False,False
371,True,False,False,False,False,False,False,True,True,False,False,False
372,True,True,True,False,True,True,False,True,False,True,True,True
373,True,True,True,True,True,True,True,True,True,True,True,True
374,False,False,False,False,False,False,False,False,False,False,False,False
375,False,False,False,False,True,False,False,False,False,False,False,True
376,False,False,False,False,False,False,False,True,False,False,False,False
377,True,True,True,True,True,True,True,True,True,True,True,True
378,False,True,True,False,True,False,True,True,False,True,True,False
379,True,True,True,True,True,True,True,True,True,True,True,False
380,True,False,False,True,True,True,False,False,False,False,False,False
381,True,True,True,True,True,True,True,True,True,True,True,True
382,False,False,True,False,True,True,False,False,False,False,True,False
383,False,False,False,False,False,False,False,False,False,False,False,False
384,False,True,True,True,True,True,False,True,True,True,False,False
385,False,False,False,False,False,False,False,False,False,False,False,False
386,False,False,False,False,False,False,False,False,False,False,False,False
387,False,True,True,True,True,True,True,True,True,True,True,True
388,False,True,False,False,False,True,True,False,True,True,False,False
389,True,True,True,True,True,False,True,True,True,True,True,True
390,True,False,False,False,True,False,True,False,True,True,False,False
391,False,False,False,False,False,False,False,False,False,False,False,False
392,False,False,False,False,True,False,False,False,False,True,False,False
393,False,False,False,False,False,False,False,False,False,False,False,False
394,True,True,True,True,True,True,True,True,True,True,True,True
395,True,True,True,True,True,True,True,True,True,True,True,True
396,False,False,False,False,False,False,False,False,False,True,False,False
397,True,True,True,True,True,True,True,True,True,True,False,True
398,False,False,False,False,False,False,True,False,False,False,True,True
399,True,True,True,True,True,True,True,False,True,True,True,True
400,False,False,True,False,False,False,True,False,False,False,False,False
401,False,False,True,False,True,True,True,False,True,True,True,True
402,False,False,False,True,False,False,True,False,False,True,False,False
403,False,False,True,False,True,True,False,True,True,True,False,True
404,True,True,True,True,True,True,True,True,True,True,True,True
405,False,True,False,True,False,False,True,True,False,False,True,False
406,True,True,True,True,True,True,True,True,True,True,True,True
407,True,False,False,False,False,False,False,False,False,True,False,False
408,False,False,False,False,False,False,False,False,False,False,False,False
409,True,True,True,False,False,False,False,False,True,True,False,True
410,True,True,False,True,True,False,False,False,False,True,False,True
411,False,True,False,True,True,True,False,False,True,True,False,True
412,True,True,True,True,True,True,True,True,True,True,True,True
413,True,False,True,True,True,False,True,True,True,True,True,False
414,True,True,True,True,True,True,True,True,True,True,True,True
415,False,False,False,False,False,False,False,False,False,False,False,False
416,False,False,False,False,False,False,False,False,False,False,False,False
417,False,False,False,False,False,False,False,False,False,False,False,False
418,True,False,False,True,False,True,True,False,True,True,True,False
419,True,False,True,True,True,True,True,True,True,True,True,True
420,True,True,True,True,True,True,True,False,True,True,True,True
421,True,False,False,True,False,False,False,False,False,False,False,False
422,False,False,True,False,True,True,False,True,False,True,True,True
423,False,False,False,False,False,False,False,False,False,False,False,False
424,True,False,True,True,True,True,False,True,True,True,True,False
425,True,True,True,True,True,True,True,True,True,True,True,True
426,True,True,True,True,True,True,True,True,True,True,True,True
427,True,False,True,True,True,False,True,False,True,True,True,True
428,True,True,True,True,True,True,True,True,True,True,True,True
429,True,False,True,True,False,False,False,False,False,False,False,False
430,False,False,False,False,False,False,False,False,False,False,False,False
431,False,False,False,False,False,False,False,False,False,False,False,False
432,True,False,True,True,False,False,False,True,False,True,False,True
433,False,True,False,False,True,False,False,True,False,False,False,False
434,False,True,True,True,False,False,True,False,False,False,False,False
435,True,True,True,True,True,True,True,True,True,True,True,True
436,True,False,True,True,True,True,True,True,True,True,True,True
437,False,False,False,False,False,False,False,False,False,False,False,False
438,False,False,False,False,False,False,False,False,False,False,False,False
439,True,True,True,True,True,True,True,True,True,True,True,True
440,False,False,False,False,False,False,False,False,False,False,False,False
441,True,True,True,True,True,True,True,True,True,True,True,True
442,False,False,False,False,False,False,False,False,False,False,False,False
443,False,False,False,False,False,False,False,False,False,False,False,False
444,False,False,False,False,False,False,False,False,False,False,False,False
445,False,False,False,False,False,False,False,False,False,True,False,False
446,False,False,True,True,False,False,False,True,True,False,False,True
447,False,True,True,False,True,True,True,True,True,True,True,True
448,False,False,False,False,False,False,False,False,False,False,False,False
449,True,True,False,True,False,False,False,False,False,False,False,False
450,False,False,False,False,False,False,False,True,False,False,False,False
451,True,True,True,False,True,True,True,True,True,True,True,True
452,False,True,False,True,True,False,False,False,False,False,True,False
453,True,True,False,False,False,False,True,False,False,True,True,False
454,True,True,True,True,True,True,True,True,True,True,True,True
455,False,True,False,False,True,True,False,True,True,True,False,False
456,True,True,True,True,True,True,True,True,True,True,True,True
457,False,False,False,False,False,False,True,False,False,False,True,False
458,True,True,True,True,True,True,True,True,True,True,True,True
459,True,True,True,True,True,True,True,True,True,True,True,True
460,False,False,False,False,False,False,False,False,False,False,False,False
461,False,False,False,False,False,False,False,False,False,False,False,False
462,False,False,False,False,False,False,False,False,False,False,False,False
463,True,False,True,False,False,True,True,False,False,False,True,False
464,False,False,False,False,False,False,False,False,False,False,False,False
465,True,True,True,True,True,True,True,True,True,True,True,True
466,False,False,True,False,False,True,False,False,False,False,False,False
467,False,False,False,False,False,False,False,False,False,False,False,False
468,False,False,False,False,False,False,False,False,False,False,False,False
469,False,True,True,False,False,False,False,True,True,False,False,False
470,False,False,False,False,False,False,True,False,False,False,False,False
471,False,False,True,False,True,True,False,True,False,True,True,True
472,False,True,True,False,True,True,True,True,True,True,False,True
473,False,False,False,False,False,False,False,False,False,False,False,False
474,True,True,True,True,True,True,True,True,True,True,True,True
475,True,False,True,True,True,True,True,True,True,True,True,True
476,True,True,True,True,True,True,True,True,True,True,True,True
477,False,True,False,True,False,True,True,False,True,False,True,True
478,True,True,False,False,True,True,True,True,True,True,True,True
479,True,False,True,True,True,True,False,True,True,True,True,True
480,True,True,True,True,True,True,True,True,True,True,False,True
481,False,False,False,True,False,False,False,False,False,False,False,False
482,True,False,False,True,True,True,False,True,False,False,False,False
483,False,False,False,False,False,False,False,False,False,False,False,False
484,False,False,False,False,False,True,False,False,True,False,False,False
485,False,False,False,False,False,False,True,False,False,False,False,False
486,True,True,False,False,True,False,True,True,True,True,True,False
487,True,True,True,True,True,True,True,True,True,True,True,True
488,True,False,False,False,False,False,False,False,False,False,True,False
489,False,True,False,False,False,False,False,False,False,False,False,False
490,False,False,False,True,False,False,True,False,False,False,False,False
491,False,False,False,False,True,False,False,False,False,True,False,False
492,True,True,True,True,True,True,True,True,True,True,True,True
493,False,False,False,False,False,False,False,False,False,False,False,False
494,False,False,False,True,True,True,False,False,True,False,True,True
495,True,True,True,True,True,True,True,True,True,True,True,False
496,True,False,False,False,False,True,True,False,True,True,True,True
497,False,False,False,False,False,False,False,False,False,False,False,False
498,True,True,True,True,True,True,False,True,True,True,True,True
499,True,True,True,True,True,False,True,True,True,False,True,True
500,False,True,False,False,False,False,False,False,False,False,False,False
501,False,False,False,False,False,False,False,False,False,False,False,False
502,True,True,True,True,True,True,True,True,True,True,True,True
503,False,False,True,False,False,False,False,False,False,False,False,False
504,True,False,False,False,False,False,False,False,True,False,False,True
505,True,False,False,False,True,True,True,False,True,False,False,False
506,False,False,False,True,False,False,False,False,True,True,False,False
507,True,True,True,True,True,True,True,True,True,True,True,True
508,False,False,False,False,False,False,False,False,False,False,False,False
509,False,False,False,True,False,True,True,False,False,True,False,True
510,False,False,False,False,False,False,False,False,False,False,False,False
511,False,False,False,False,False,False,False,False,False,False,False,True
512,True,True,True,True,False,True,False,True,True,True,False,True
513,False,False,False,False,False,False,False,False,False,False,False,False
514,True,True,False,False,False,True,False,False,True,True,False,False
515,False,True,False,False,True,True,False,False,False,False,False,True
516,True,True,False,True,True,True,True,False,True,True,False,True
517,True,True,True,True,True,True,True,True,True,True,True,True
518,True,True,True,True,False,True,True,True,True,True,True,True
519,False,False,False,False,False,False,False,False,False,False,False,False
520,True,False,True,False,True,True,True,False,True,True,True,True
521,True,True,False,True,True,True,True,True,True,True,False,True
522,False,False,False,False,False,False,False,False,False,False,False,False
523,False,False,False,False,False,False,False,False,False,False,False,False
524,False,False,False,False,True,True,True,True,False,False,False,True
525,False,False,False,False,False,False,False,False,False,False,False,False
526,True,True,False,True,True,False,False,True,False,False,True,True
527,False,False,False,False,False,False,False,False,False,False,False,False
528,False,False,False,False,True,False,False,True,False,False,False,False
529,False,False,False,False,False,True,False,False,False,True,False,False
530,False,False,False,False,False,False,False,False,False,False,False,False
531,False,True,False,False,True,True,False,False,False,False,False,False
532,True,True,False,True,False,False,True,False,False,True,True,True
533,False,False,True,False,False,True,False,True,False,True,False,False
534,False,False,False,False,False,False,False,False,False,False,False,False
535,False,False,False,False,False,False,False,False,False,False,False,False
536,False,False,False,False,False,False,False,False,False,False,False,False
537,False,False,False,False,False,False,False,False,False,False,False,False
538,False,False,False,False,False,False,False,False,True,False,False,False
539,False,False,False,False,False,False,False,False,False,False,False,False
540,True,True,True,True,True,True,True,True,True,True,True,True
541,False,True,True,True,True,True,True,True,False,True,True,True
542,True,True,True,True,True,True,True,True,True,True,True,True
543,True,True,True,True,True,True,True,True,True,True,True,True
544,True,False,True,True,True,True,True,True,False,False,True,True
545,False,False,False,False,False,False,False,False,False,False,False,False
546,False,False,False,False,False,False,False,False,False,False,False,False
547,False,False,False,False,False,False,False,False,False,False,False,False
548,True,True,True,True,True,True,True,False,True,True,True,True
549,True,True,True,True,False,True,True,True,True,True,True,True
550,False,True,True,True,True,True,True,False,True,True,False,False
551,True,True,True,True,True,True,True,True,True,True,True,True
552,False,False,False,False,False,False,False,False,False,False,False,False
553,False,True,False,False,False,False,False,False,False,False,False,False
554,False,False,False,False,False,False,False,False,False,False,False,False
555,True,False,True,False,False,False,True,False,True,False,False,False
556,False,False,False,False,False,False,False,False,False,False,False,True
557,True,True,True,True,True,True,True,True,True,True,True,True
558,False,True,True,True,True,False,True,False,False,False,False,True
559,False,False,True,False,False,False,False,True,True,False,False,False
560,True,True,True,True,False,True,True,True,True,True,False,True
561,False,False,False,False,False,False,False,False,False,False,False,False
562,False,False,False,True,True,False,False,True,False,False,True,True
563,True,True,False,False,False,False,False,False,False,False,True,False
564,True,True,False,False,True,True,False,True,True,True,False,True
565,True,True,True,False,True,True,True,True,True,True,True,True
566,True,True,True,True,True,True,True,True,True,True,True,True
567,True,True,True,True,True,True,True,True,True,True,True,True
568,True,True,True,True,True,True,True,True,False,True,False,False
569,True,True,True,False,True,True,True,False,True,True,True,True
570,False,False,False,False,False,False,False,False,False,False,False,False
571,False,False,False,False,False,False,False,False,False,False,False,False
572,False,False,False,False,False,False,False,False,False,False,False,False
573,True,True,False,False,False,True,True,True,True,False,False,False
574,False,False,False,False,False,False,False,False,False,False,False,False
575,False,False,False,False,False,False,False,False,False,False,False,False
576,False,False,True,False,False,False,False,False,False,False,True,False
577,True,False,True,True,False,False,True,True,True,True,True,False
578,True,False,True,False,False,False,False,False,False,False,True,True
579,False,False,False,True,False,True,False,True,True,True,True,False
580,False,False,False,False,False,False,False,False,False,False,False,False
581,False,True,False,False,False,False,False,False,True,False,True,False
582,True,True,True,True,True,True,True,True,True,True,True,True
583,True,False,True,True,True,True,False,True,True,False,True,False
584,False,False,False,False,False,False,False,False,False,False,False,False
585,True,False,False,False,False,True,True,True,False,True,True,False
586,False,False,False,False,False,True,False,False,False,False,False,False
587,True,True,True,True,True,True,True,True,True,True,True,True
588,True,True,False,True,True,True,True,True,True,True,True,True
589,True,False,False,False,False,False,False,False,False,True,False,True
590,False,False,False,False,False,False,False,False,False,False,False,False
591,True,True,True,True,True,True,True,True,True,True,True,True
592,False,False,False,False,False,False,False,False,False,False,False,False
593,False,True,False,False,True,False,True,False,False,False,False,False
594,True,False,False,False,False,False,False,False,False,False,False,False
595,False,False,False,False,False,False,False,True,False,False,False,False
596,True,True,True,True,True,True,True,True,True,True,True,True
597,False,False,False,False,False,False,False,False,False,False,False,False
598,True,True,True,True,True,True,True,True,True,False,True,True
599,True,True,True,True,True,True,True,True,True,True,True,True
600,True,True,True,True,True,False,True,True,True,True,False,False
601,False,True,False,False,False,False,False,False,False,False,True,False
602,False,False,False,False,False,False,False,False,False,False,False,False
603,False,False,False,False,False,False,False,False,False,False,False,False
604,True,True,True,True,True,True,True,True,True,True,True,True
605,True,True,True,True,True,True,False,True,True,True,True,True
606,True,True,True,True,False,True,True,True,True,True,True,True
607,False,True,False,False,True,True,False,False,True,True,True,False
608,False,False,False,False,False,False,False,False,False,False,False,False
609,False,False,False,False,False,False,False,False,False,False,False,False
610,True,False,False,True,True,False,True,True,True,True,True,True
611,False,False,False,True,False,False,False,False,False,False,False,False
612,False,False,False,False,False,False,False,False,False,False,False,False
613,True,False,True,False,True,False,True,True,True,True,True,False
614,True,True,True,True,True,True,True,True,True,True,True,True
615,False,False,True,True,False,True,False,False,True,True,False,False
616,True,True,True,True,True,True,True,True,True,True,True,True
617,False,False,False,False,False,False,False,False,False,False,False,False
618,True,True,True,False,False,True,True,True,False,True,True,True
619,False,False,False,False,False,False,False,False,False,False,False,False
620,False,True,False,False,True,False,False,False,False,False,False,False
621,False,True,True,False,False,True,False,False,False,True,False,True
622,True,False,False,False,False,False,False,False,False,False,False,False
623,True,True,True,True,True,True,True,True,False,True,True,True
624,True,True,True,True,True,True,True,True,False,True,True,True
625,True,True,True,True,True,True,True,True,True,True,True,True
626,False,False,False,False,False,False,False,False,False,False,False,False
627,False,False,True,False,False,False,False,True,False,False,False,False
628,False,True,True,True,True,True,False,True,True,True,True,True
629,False,False,False,False,False,False,False,False,False,False,False,False
630,False,False,False,False,False,False,True,False,True,False,False,False
631,False,True,False,False,False,False,False,False,False,False,False,False
632,True,True,True,False,True,False,True,True,True,True,False,True
633,False,False,True,True,False,False,False,False,False,False,False,False
634,True,True,True,False,False,True,True,True,False,True,False,False
635,True,True,True,False,True,True,True,False,True,True,False,True
636,False,False,False,False,False,False,False,False,False,False,False,False
637,True,True,True,True,False,True,True,False,True,True,True,True
638,False,False,False,False,False,False,False,False,False,False,False,False
639,True,False,True,False,True,True,False,True,False,True,True,True
640,False,False,False,False,False,False,False,False,False,False,False,False
641,False,False,False,False,False,True,False,False,False,False,True,True
642,False,False,False,False,False,False,False,False,False,False,False,False
643,False,True,False,False,False,True,False,False,True,True,False,False
644,False,False,False,False,False,True,True,True,False,True,True,False
645,True,True,True,False,True,True,False,True,True,False,True,False
646,False,False,False,False,False,False,False,False,False,False,False,False
647,False,False,False,False,False,False,False,False,False,True,False,False
648,True,False,True,False,True,True,True,False,True,True,True,True
649,True,False,False,False,True,False,False,True,True,True,False,True
650,False,True,False,False,False,False,True,False,False,True,False,False
651,False,False,False,True,False,False,False,False,False,False,True,False
652,False,False,False,False,False,False,False,False,False,False,False,False
653,True,True,True,True,True,True,True,True,True,True,True,True
654,True,True,True,True,True,True,True,True,True,True,True,True
655,True,True,True,True,True,True,True,True,True,True,True,True
656,False,False,False,False,False,False,False,False,False,False,False,False
657,False,False,False,False,False,False,True,True,False,False,False,False
658,True,True,True,True,True,True,False,True,True,True,False,False
659,False,False,False,False,False,False,False,False,False,False,False,False
660,True,False,False,False,False,False,False,False,False,False,False,False
661,False,False,False,False,False,False,False,False,False,False,False,False
662,False,True,True,True,True,False,False,True,True,False,False,True
663,False,False,False,False,False,False,False,False,False,True,False,False
664,False,True,False,False,False,False,False,False,False,True,True,True
665,False,False,False,True,False,False,False,False,False,True,False,False
666,True,True,True,True,True,True,True,True,True,True,True,True
667,True,False,True,False,True,False,True,False,True,True,False,False
668,False,False,False,False,False,False,False,False,False,False,False,False
669,False,True,True,True,False,False,True,True,False,False,True,True
670,False,True,False,False,False,True,False,True,False,False,False,False
671,False,False,False,False,False,False,False,False,False,False,False,False
672,True,True,True,True,True,True,True,True,True,True,True,True
673,True,True,True,True,True,True,True,True,True,True,True,True
674,True,False,True,False,True,True,False,True,False,True,True,True
675,True,False,False,True,True,False,True,True,False,True,True,False
676,True,True,True,True,True,True,True,True,True,True,True,False
677,False,False,False,False,False,False,False,False,False,False,False,False
678,True,True,True,True,True,True,True,False,True,True,True,True
679,True,False,False,True,True,True,True,True,True,True,True,False
680,False,False,True,False,True,False,False,False,False,True,False,True
681,True,True,True,True,True,True,True,True,True,False,True,True
682,True,True,True,True,True,True,True,True,True,True,True,True
683,True,True,True,True,False,False,True,True,True,True,True,True
684,False,False,False,False,False,False,False,False,False,False,False,False
685,False,False,False,False,False,False,True,True,True,False,True,False
686,True,True,True,False,False,True,False,True,False,False,False,False
687,True,True,True,True,True,True,True,True,True,True,True,True
688,True,True,True,True,False,True,False,True,True,True,True,True
689,False,False,False,False,False,True,False,False,False,False,False,False
690,False,False,False,True,False,True,True,True,True,False,True,False
691,True,True,True,True,False,True,False,True,True,True,True,True
692,True,False,True,False,False,False,False,False,False,False,True,False
693,True,True,True,True,True,True,True,True,True,True,True,True
694,True,False,False,False,False,True,False,False,False,False,False,False
695,False,False,False,False,True,False,True,False,False,False,False,False
696,False,False,False,False,False,False,False,False,False,False,False,False
697,True,True,True,True,True,True,True,True,True,True,True,True
698,True,True,True,True,True,True,True,True,True,True,True,True
699,False,False,False,False,False,False,True,False,False,False,False,False
700,True,True,True,False,True,True,True,True,True,True,True,True
701,True,True,True,True,True,True,True,True,True,True,True,True
702,False,False,False,False,False,False,False,False,False,False,False,False
703,True,True,True,True,True,True,True,True,True,True,True,True
704,False,True,False,True,True,True,False,False,False,False,True,False
705,True,True,True,True,True,False,True,True,False,True,True,True
706,False,False,False,False,False,True,False,False,False,False,False,False
707,True,True,True,False,False,True,True,True,False,True,False,False
708,False,False,False,False,False,False,False,False,False,False,False,False
709,False,False,False,False,False,False,False,False,False,False,False,False
710,True,False,True,False,True,True,True,True,False,True,True,True
711,False,True,False,True,False,False,True,False,False,False,False,False
712,False,False,False,False,False,False,False,False,False,False,False,False
713,False,True,True,True,True,False,False,False,False,True,False,False
714,False,False,False,False,False,False,False,False,False,False,False,False
715,True,True,True,True,True,True,True,True,True,True,True,True
716,True,True,True,True,True,True,True,True,True,True,True,True
717,False,False,False,False,False,False,False,False,False,False,False,False
718,True,True,True,True,True,True,True,True,True,True,True,True
719,True,False,False,False,False,False,True,False,True,False,True,False
720,False,True,False,True,True,True,True,True,True,True,True,True
721,False,False,False,False,False,False,False,False,False,False,False,False
722,False,False,False,False,False,False,False,False,False,False,False,False
723,True,True,False,False,True,True,True,False,True,True,True,True
724,True,True,False,True,True,True,True,True,True,True,False,True
725,True,True,True,True,True,True,True,True,True,True,False,True
726,True,True,True,True,True,True,True,True,True,False,True,False
727,True,True,True,True,True,True,True,True,True,True,True,True
728,True,True,True,False,True,True,True,True,True,True,True,True
729,True,True,True,True,True,True,True,True,False,False,True,True
730,True,True,False,True,True,True,True,True,True,True,False,True
731,True,False,False,False,False,False,True,False,False,False,False,False
732,True,True,True,True,True,True,True,True,True,True,True,True
733,True,True,True,True,True,True,True,True,False,True,True,False
734,False,False,False,False,False,False,True,False,False,False,False,False
735,False,False,False,False,False,False,False,False,False,False,False,False
736,True,True,True,True,True,True,True,True,True,True,True,True
737,True,True,True,True,True,True,False,False,False,True,True,True
738,False,False,False,False,False,False,False,False,False,False,False,False
739,False,False,False,False,True,False,False,False,True,False,False,True
740,True,False,False,True,False,True,True,False,True,True,True,True
741,True,True,True,True,True,True,True,False,True,True,True,True
742,True,True,True,False,False,True,True,False,False,True,False,True
743,False,False,False,False,False,False,False,False,False,False,False,False
744,True,True,True,True,True,True,True,True,True,True,False,True
745,False,False,False,True,False,True,True,True,True,False,True,False
746,False,False,False,False,False,False,False,False,False,False,False,False
747,True,False,False,True,True,True,False,False,False,False,False,False
748,False,False,True,False,False,False,False,False,False,False,False,False
749,True,True,True,False,True,False,False,True,True,True,True,True
750,True,True,True,True,True,True,True,True,True,True,True,True
751,False,False,False,False,False,True,False,False,True,False,True,False
752,False,False,False,True,False,True,False,False,False,False,False,False
753,True,True,True,False,True,False,True,False,False,True,True,False
754,False,False,False,False,False,False,False,False,False,False,False,False
755,True,True,True,True,True,True,True,True,False,True,True,True
756,False,True,True,False,False,True,True,False,True,False,True,True
757,False,False,False,False,False,True,False,False,False,False,False,False
758,False,False,False,False,False,False,False,False,False,False,False,False
759,False,True,True,True,False,True,False,True,True,True,False,False
760,False,False,True,False,False,False,True,False,False,False,False,True
761,False,False,False,False,False,False,False,False,False,False,False,False
762,True,True,True,False,False,False,False,False,False,False,True,True
763,False,False,False,False,False,False,False,False,False,False,False,False
764,False,True,True,False,True,True,True,False,True,True,True,False
765,False,False,False,False,False,False,False,False,False,False,False,False
766,True,True,True,True,True,True,True,True,True,False,True,True
767,False,False,True,False,False,False,False,False,False,False,False,False
768,False,False,False,False,True,False,True,True,False,False,False,True
769,False,False,False,False,False,False,False,False,False,False,False,False
770,False,True,True,False,True,True,True,False,False,True,True,True
771,True,False,False,False,True,True,False,False,True,True,False,True
772,True,True,False,False,False,False,False,False,True,False,True,False
773,False,False,False,False,False,False,False,False,False,False,False,False
774,True,True,True,True,True,False,True,True,True,True,True,True
775,False,False,True,True,False,False,False,False,False,False,False,False
776,False,False,False,False,False,False,False,False,False,False,False,False
777,False,False,False,False,False,False,False,False,False,False,False,False
778,False,False,True,False,False,False,True,False,False,True,True,False
779,True,False,True,False,False,True,True,False,True,False,False,True
780,False,False,False,False,False,False,False,True,False,False,False,False
781,True,False,True,True,True,True,True,True,True,True,True,True
782,False,False,False,False,True,False,True,False,False,True,False,False
783,True,False,False,False,False,False,True,False,False,True,False,True
784,False,False,False,False,False,False,False,False,False,True,False,False
785,False,False,True,False,False,True,True,True,True,True,True,True
786,True,True,True,True,True,True,True,True,True,False,True,True
787,True,False,True,False,True,True,True,False,True,False,True,True
788,False,False,True,False,False,True,False,False,True,False,True,True
789,True,True,True,True,True,True,True,True,True,True,True,True
790,False,False,False,False,False,False,True,False,False,False,False,True
791,True,False,True,False,False,False,False,False,True,False,False,False
792,True,True,True,True,True,True,True,False,True,True,True,False
793,True,True,False,True,True,True,True,False,True,True,True,True
794,False,False,False,False,True,True,False,True,True,False,False,True
795,False,True,False,False,False,False,True,False,False,True,False,False
796,True,True,True,True,True,True,True,True,True,True,True,True
797,False,False,False,False,True,False,True,True,False,False,True,False
798,True,True,True,True,True,True,True,True,True,True,True,True
799,False,False,False,False,False,False,False,False,False,False,False,False
800,True,True,True,True,True,True,True,True,True,True,True,True
801,False,True,False,False,False,False,False,False,False,False,False,False
802,True,False,False,False,True,False,False,False,False,False,False,False
803,True,True,True,True,True,True,True,True,True,True,True,True
804,False,True,False,False,False,True,False,False,False,True,True,False
805,False,False,False,True,True,True,True,True,False,True,True,True
806,True,False,True,True,False,True,True,False,False,False,False,False
807,True,True,True,True,True,True,True,True,True,True,True,True
808,True,True,True,True,True,True,True,True,False,True,True,True
809,True,False,False,False,True,True,False,False,False,False,True,True
810,False,False,False,False,False,False,False,False,False,False,False,False
811,True,True,True,True,True,True,True,True,True,True,True,True
812,True,True,True,False,True,False,True,True,True,False,False,False
813,True,True,True,True,True,True,True,True,True,True,True,True
814,True,True,False,True,True,True,True,True,True,True,True,True
815,False,False,False,False,False,False,False,True,False,False,False,False
816,True,False,True,False,True,True,True,True,True,True,False,True
817,True,True,True,True,True,True,True,True,True,True,True,True
818,True,True,True,True,True,True,True,True,True,True,True,True
819,False,False,False,False,False,False,False,False,False,False,False,False
820,False,True,False,False,False,False,True,True,False,False,True,False
821,True,True,True,True,True,False,True,True,False,True,True,True
822,True,False,True,False,True,False,False,False,True,False,True,False
823,False,True,False,False,True,False,True,True,True,True,True,False
824,True,True,True,True,True,True,True,True,True,True,True,True
825,True,True,True,True,True,True,True,True,True,True,True,False
826,False,True,False,True,False,False,False,False,False,False,True,False
827,True,True,True,True,True,True,True,True,True,True,True,True
828,True,True,True,True,True,True,True,True,False,True,True,True
829,False,True,False,True,True,False,False,False,True,False,False,False
830,True,True,True,False,False,True,False,False,False,False,False,False
831,False,False,False,False,True,True,False,True,True,True,True,True
832,False,False,False,True,False,True,True,True,True,False,False,False
833,True,True,True,True,True,True,True,True,True,True,True,True
834,False,False,False,False,True,False,False,False,False,False,False,False
835,True,True,True,True,True,True,True,True,True,True,True,True
836,False,False,False,False,False,False,False,False,False,False,False,False
837,True,True,True,False,False,True,True,False,False,True,False,False
838,False,False,False,False,False,False,False,False,False,False,False,False
839,True,True,True,True,True,True,True,True,True,True,True,True
840,False,False,False,False,False,False,False,False,False,False,False,False
841,True,True,True,True,True,True,True,True,True,True,True,True
842,False,True,False,True,False,False,False,False,False,False,False,False
843,False,False,True,False,False,False,False,False,False,False,False,False
844,False,False,False,False,False,False,False,False,False,False,False,False
845,True,True,True,False,False,False,True,True,True,False,True,True
846,False,True,True,True,True,False,True,False,True,True,False,True
847,False,True,True,True,True,False,True,True,True,True,True,True
848,True,True,True,True,True,True,True,True,True,True,True,True
849,False,False,False,False,False,False,False,False,False,False,False,False
850,True,True,True,False,False,True,True,True,True,True,True,True
851,False,False,False,False,False,False,False,False,False,False,False,False
852,True,True,True,True,True,True,True,True,True,True,True,True
853,False,False,False,False,False,False,False,False,False,False,False,False
854,True,False,False,False,False,False,False,False,False,False,False,False
855,True,True,True,False,True,False,False,False,False,False,False,False
856,False,False,False,False,False,False,False,False,False,False,False,False
857,True,True,True,True,True,True,True,True,True,True,True,True
858,True,False,True,True,True,True,True,True,False,True,True,True
859,False,False,False,False,False,False,False,False,False,False,False,False
860,True,True,True,False,True,True,False,True,True,True,True,True
861,True,True,True,False,True,False,True,True,False,False,False,False
862,True,True,True,True,True,True,True,True,False,True,True,True
863,False,False,False,False,False,False,False,False,False,False,False,False
864,True,True,True,True,True,True,True,True,True,True,True,True
865,False,True,False,True,True,True,True,True,True,False,False,False
866,True,False,True,True,True,False,False,True,True,False,False,False
867,False,False,False,False,False,False,False,False,False,False,False,False
868,True,True,False,False,False,False,True,True,False,False,False,True
869,False,True,False,False,True,True,False,False,True,True,False,True
870,True,True,True,True,True,True,True,True,True,True,True,True
871,True,True,True,True,True,True,True,True,True,True,True,True
872,False,False,False,False,False,False,False,False,False,False,False,False
873,False,False,False,False,False,False,False,False,False,False,False,False
874,False,False,False,False,False,True,False,False,False,False,False,False
875,False,False,True,True,False,False,False,False,False,False,False,False
876,True,True,False,False,True,False,True,True,False,False,True,True
877,True,True,True,True,False,True,True,True,False,True,True,True
878,False,False,False,True,False,True,True,False,False,False,True,True
879,True,False,True,True,True,True,True,True,True,False,True,False
880,False,False,False,False,False,False,False,False,False,False,False,False
881,False,False,False,False,False,False,False,False,False,False,False,False
882,False,False,False,True,False,False,False,False,False,True,False,False
883,True,True,True,True,True,True,True,True,True,True,True,True
884,True,False,False,False,False,False,False,False,True,False,True,False
885,True,True,False,True,True,True,False,False,True,False,False,True
886,True,True,True,True,True,True,True,True,True,True,True,True
887,True,True,True,True,True,True,True,True,True,True,True,False
888,True,True,False,False,True,True,False,True,True,True,True,True
889,True,True,True,True,True,True,True,True,True,True,True,True
890,False,False,False,False,False,False,False,False,True,False,False,False
891,True,True,True,True,True,True,True,True,True,True,True,True
892,True,True,True,True,True,True,True,False,True,False,True,True
893,False,False,False,False,False,False,False,False,False,False,False,False
894,False,True,True,True,True,True,True,True,True,True,True,True
895,True,True,True,False,True,True,True,True,True,True,True,True
896,True,True,True,True,True,True,True,True,True,True,True,True
897,False,False,True,False,False,False,False,False,True,False,False,False
898,False,False,False,False,False,False,False,False,False,False,False,False
899,False,False,True,False,False,False,False,False,True,False,True,False
900,False,False,False,False,False,False,True,False,True,False,True,False
901,False,False,False,False,False,True,False,False,False,False,True,False
902,False,False,True,False,False,False,False,False,False,True,False,False
903,False,False,False,False,False,False,False,False,False,False,False,False
904,True,True,True,True,True,True,True,True,True,True,True,True
905,True,False,False,False,False,False,False,False,False,True,False,True
906,False,False,False,False,False,False,False,False,False,False,False,False
907,False,False,False,False,False,False,False,False,False,False,False,False
908,False,False,False,False,False,False,False,False,False,False,False,False
909,False,False,False,False,False,False,True,False,False,False,False,False
910,False,False,False,False,False,False,False,False,False,False,False,False
911,True,False,False,False,False,True,False,True,False,True,False,False
912,False,False,False,False,False,False,False,False,False,False,False,False
913,True,True,False,True,False,True,True,True,False,False,False,True
914,False,False,False,False,False,False,False,False,False,False,False,False
915,False,False,False,False,False,False,False,False,True,False,False,False
916,False,False,False,False,False,False,False,False,False,False,False,False
917,False,False,False,False,False,False,False,True,False,False,False,True
918,False,False,False,False,False,False,False,False,False,False,False,False
919,True,True,True,True,True,True,True,True,True,True,True,True
920,False,False,False,False,False,False,False,False,False,False,False,False
921,False,False,True,False,True,True,True,True,False,True,True,False
922,False,False,False,True,False,False,False,False,False,False,False,False
923,False,False,False,False,False,False,False,True,False,False,False,False
924,True,True,True,True,True,True,True,True,True,True,True,True
925,False,False,False,True,False,False,False,False,True,True,False,False
926,False,False,False,False,False,False,False,False,False,False,False,False
927,False,False,False,False,False,False,False,False,False,False,False,False
928,True,False,True,False,True,False,False,True,False,False,True,False
929,True,True,True,True,True,True,True,True,True,True,True,True
930,True,True,False,True,False,True,True,True,True,True,False,True
931,True,True,True,True,True,False,False,True,True,True,True,True
932,True,False,True,False,False,False,True,False,False,False,False,False
933,True,True,False,True,True,True,True,True,True,True,True,True
934,False,False,False,False,False,False,False,False,False,False,False,False
935,True,True,True,True,True,True,True,True,True,True,True,True
936,False,False,False,False,False,False,False,False,False,False,False,False
937,True,True,True,False,True,True,False,True,True,True,True,True
938,False,False,False,False,False,False,False,False,False,False,False,False
939,False,True,False,False,False,False,False,False,False,False,False,False
940,False,False,False,True,False,False,True,True,False,True,False,False
941,True,True,True,True,True,False,True,True,True,True,True,False
942,True,True,False,True,True,True,True,True,True,True,True,True
943,False,False,False,True,False,True,True,False,True,True,True,True
944,False,False,False,False,False,False,False,False,False,False,False,False
945,True,True,True,True,True,True,True,True,True,True,True,True
946,False,True,False,True,True,False,True,False,False,True,False,True
947,False,True,True,True,True,True,False,True,True,True,True,True
948,True,True,True,True,True,True,True,True,True,True,True,True
949,False,False,False,False,False,False,False,False,False,False,False,False
950,False,False,False,False,False,False,False,False,False,False,False,False
951,False,False,False,False,False,False,False,False,False,False,False,False
952,False,False,False,False,False,False,False,False,False,True,False,True
953,False,False,False,False,False,False,False,False,False,False,False,False
954,False,True,False,True,True,False,False,True,True,True,False,False
955,True,True,True,True,False,True,True,True,True,True,True,False
956,False,False,False,True,False,False,False,True,False,False,False,False
957,False,False,False,False,False,False,False,False,False,False,False,False
958,True,True,True,True,True,True,True,False,True,True,True,True
959,False,False,False,False,False,False,False,False,False,False,False,False
960,True,False,False,False,False,False,False,False,False,False,False,False
961,False,True,True,True,True,True,True,False,True,True,True,True
962,True,True,True,True,True,True,True,True,True,False,True,True
963,False,False,False,False,False,True,False,False,False,False,False,False
964,True,True,True,True,True,True,True,True,True,True,True,True
965,True,False,True,True,True,True,False,False,False,False,False,True
966,True,True,False,True,True,True,True,False,True,True,True,True
967,False,False,False,False,False,True,False,False,False,False,False,False
968,False,False,False,False,False,False,False,False,False,False,False,False
969,False,False,False,False,False,False,False,False,False,False,False,False
970,True,True,True,True,True,True,True,True,True,True,True,True
971,False,False,False,False,False,False,False,False,False,False,False,False
972,False,True,False,False,True,False,False,False,True,True,True,False
973,True,True,True,True,True,True,True,True,False,True,False,True
974,False,True,True,True,True,False,True,False,False,True,False,True
